title,addr,mapx,mapy,contenttypeid
가창 찐빵 골목,대구광역시 달성군 가창면 가창로 1099,128.6222233,35.8027142,12
감삼못공원,대구광역시 서구 서대구로3길 43,128.5522335,35.8586427,12
강정고령보,대구광역시 달성군 다사읍 강정본길 57,128.4650416,35.84115974,12
경극고택,대구광역시 동구 옻골로 195-3,128.6866758,35.90747576,12
경북대학교 미술관,대구광역시 북구 산격동,128.6104913,35.89162615,14
경북대학교박물관,대구광역시 북구 대학로 80,128.6121828,35.89065684,14
경북대학교자연사박물관,대구광역시 군위군 효령면 경북대로 2228,128.5769684,36.1214828,14
경상감영공원,대구광역시 중구 경상감영길 99,128.5923073,35.87205303,12
계명대학교 행소박물관,대구광역시 달서구 달구벌대로 1095,128.4888836,35.85579186,14
계명아트센터,대구광역시 달서구 달구벌대로 1095,128.4888836,35.85579186,14
계성중학교,대구광역시 중구 달성로 35,128.582075,35.86823105,14
고모역복합문화공간,대구광역시 수성구 고모로 208,128.6786418,35.85830062,14
고산골,대구광역시 남구 고산3길 95-1,128.6007581,35.81918417,12
고산골 메타쉐콰이어길,대구광역시 남구 용두2길 43,128.6034409,35.83005243,12
고산서당,대구광역시 수성구 성동로37길 39-3,128.7186912,35.85264367,12
공간울림,대구광역시 수성구 삼덕동,128.668849,35.82804831,14
공룡공원,대구광역시 남구 용두2길 43,128.6034409,35.83005243,12
공항교강변공원,대구광역시 북구 복현동,128.6259647,35.90121424,12
관덕정 순교기념관,대구광역시 중구 관덕정길 11,128.5911187,35.8651399,14
관암사(대구),대구광역시 동구 갓바위로 350 (능성동),128.7332253,35.97767423,12
관음사(대구),대구광역시 동구 둔산로 535,128.6651524,35.91895462,12
광덕사(대구),대구광역시 달성군 가창면 헐티로 1190,128.6123965,35.79781458,12
교남YMCA 회관,대구광역시 중구 남성로 22,128.5893133,35.8680812,12
교항리 이팝나무 군락지,대구광역시 달성군 옥포읍 교항리,128.4375232,35.79064273,12
구암동 고분군,대구광역시 북구 구암동,128.5671802,35.92941274,12
구암서원,대구광역시 북구 연암공원로17길 20,128.5991477,35.89879735,12
구암팜스테이마을,대구광역시 동구 구암길 38,128.6769032,35.95275379,12
국립대구과학관,대구광역시 달성군 테크노대로6길 20 국립대구과학관,128.4664458,35.68624396,14
국립대구기상과학관,대구광역시 동구 효동로2길 10 (효목동),128.6505242,35.87901998,14
국립대구박물관,대구광역시 수성구 청호로 321,128.6383485,35.8455791,14
국립신암선열공원,대구광역시 동구 동북로71길 33,128.6311451,35.89067386,12
국우동 탱자나무,대구광역시 북구 도남길 45-7,128.5804811,35.95312974,12
국채보상운동기념공원,대구광역시 중구 공평로10길 25 대구광역시립중앙도서관,128.6017372,35.86848416,12
국채보상운동기념도서관,대구광역시 중구 공평로10길 25 대구광역시립중앙도서관,128.6017372,35.86848416,14
군위 남천고택,대구광역시 군위군 부계면 한밤5길 19,128.6539856,36.05863858,12
군위 대율리 석조여래입상,대구광역시 군위군 부계면 한밤8길 21-1,128.6539855,36.06109941,12
군위 불로리 마애보살입상,대구광역시 군위군 효령면,128.5816667,36.16596672,12
군위 삼국유사 테마파크,대구광역시 군위군 의흥면 일연테마로 100,128.7012896,36.16087785,12
군위 아미타여래삼존 석굴,대구광역시 군위군 부계면 남산4길 24,128.6406954,36.0477229,12
군위 인각사지,대구광역시 군위군 고로면 삼국유사로 250,128.7783948,36.12809413,12
군위 장곡자연휴양림,대구광역시 군위군 고로면 장곡휴양림길 195,128.8419725,36.12980346,12
군위대율리대청,대구광역시 군위군 부계면 한밤5길 23-3,128.6534939,36.05870801,12
군위문화원,대구광역시 군위군 동서2길 35 군위생활문화센타,128.5675661,36.23306438,14
군위향교,대구광역시 군위군 군위읍 동서2길 17-28,128.5686354,36.23423649,12
근대문화체험관 계산예가,대구광역시 중구 서성로 6-1,128.5878634,35.86718405,14
금용사(대구),대구광역시 달서구 공원순환로 213,128.560583,35.84772464,12
김수환 추기경 사랑과 나눔공원,대구광역시 군위군 군위읍 용대리238-7,128.6006187,36.23234008,12
김원일의 마당깊은 집,대구광역시 중구 약령길 33-10,128.5884967,35.86839782,12
꽃보라동산,대구광역시 북구 산격동,128.6010255,35.88924291,12
나불지 생태공원,대구광역시 동구 각산동,128.7199264,35.87994338,12
나야 대령 기념비,대구광역시 수성구 범어동,128.6337236,35.85434191,12
낙동강승전기념관,대구광역시 남구 앞산순환로 574-110,128.5887867,35.8271386,14
낙동서원,대구광역시 달서구 송현로7길 32,128.5454685,35.82000528,12
낙빈서원,대구광역시 달성군 하빈면 묘동4길 21,128.4124555,35.90797621,12
남계서원,대구광역시 군위군 군위읍 대북길 9,128.5576941,36.25376185,12
남곡서원,대구광역시 군위군 우보면 미성3길 66-7,128.6668424,36.17008172,12
남산동 가톨릭타운(대구),대구광역시 중구 남산로4길 112 (남산동),128.5861109,35.86180407,12
남지장사(대구),대구광역시 달성군 가창면 남지장사길 127,128.627608,35.73514972,12
남평문씨본리세거지,대구광역시 달성군 화원읍 인흥3길 16,128.5183355,35.79225792,12
내곡 모감주나무군락,"대구광역시 동구 내곡동 221, 산91",128.7544705,35.88399634,12
노변동 사직단,대구광역시 수성구 노변동,128.70196,35.83023479,12
노사평화의 전당,대구광역시 달성군 국가산단대로52길 6,128.4200286,35.65271634,14
노태우 대통령 생가,대구광역시 동구 용진길 172,128.6486382,35.98240546,12
녹동서원,대구광역시 달성군 우록길 218 녹동서원,128.6461262,35.72314308,12
논공꽃단지,대구광역시 달성군 논공읍 남리,128.4351558,35.72344474,12
뉴평리도서관,대구광역시 서구 평리로73길 37 (평리동),128.5623128,35.8689556,14
능성세가,대구광역시 북구 서변로3길 47-12,128.593567,35.92151689,12
단산 저수지,대구광역시 동구 팔공로50길 66,128.6502036,35.92200122,12
달서목재문화관,대구광역시 달서구 앞산순환로 248 (송현동),128.5570646,35.8232829,12
달서아트센터,대구광역시 달서구 문화회관길 160,128.5229809,35.84351332,14
달성 삼가헌 고택,대구광역시 달성군 하빈면 묘동4길 15,128.4126889,35.90674024,12
달성 조길방가옥,대구광역시 달성군 가창면 조길방길 92-1,128.5817754,35.75585209,12
달성 태고정,대구광역시 달성군 하빈면 육신사길 64,128.4166106,35.9113509,12
달성 하목정,대구광역시 달성군 하빈면 하목정길 56-10,128.3977576,35.88183168,12
달성 한일우호관,대구광역시 달성군 가창면 우록길 206,128.6471511,35.72336808,14
달성(현풍)사직단,대구광역시 달성군 현풍면 상리,128.4513135,35.69791458,12
달성노을공원,대구광역시 달성군 논공읍 하리 899,128.4157405,35.73730393,12
달성문화원,대구광역시 달성군 현풍면 현풍동로 92,128.4520134,35.69890337,14
달성습지생태학습관,대구광역시 달성군 화원읍 구라1길 88,128.4870793,35.8167268,14
달성토성마을,대구광역시 서구 비산동,128.5755255,35.87324425,12
달성화석박물관,대구광역시 달성군 유가읍 테크노대로6길 66,128.464596,35.68442746,14
달창저수지,대구광역시 달성군 유가읍 구례길 1,128.4688245,35.64515142,12
달창지 벚꽃길,대구광역시 달성군 유가면 비슬로34길 27(한정리 일원),128.45337,35.65527222,12
대견사,대구광역시 달성군 유가읍 용리,128.4883658,35.69763196,12
대구 고모령비,대구광역시 동구 효목동,128.6563571,35.87735917,12
대구 구 동촌역사,대구광역시 동구 동촌역사로3길 35,128.6498351,35.89016037,12
대구 근대골목(근대로의 여행),대구광역시 중구 국채보상로102길 66,128.5867579,35.86778119,12
대구 남구문화원,대구광역시 남구 앞산순환로 478,128.5768876,35.83130736,14
대구 녹색에너지체험관,대구광역시 달서구 성서공단로 52,128.4881842,35.83463035,12
대구 달서문화원,대구광역시 달서구 문화회관길 160,128.5229809,35.84351332,14
대구 달성공원,대구광역시 중구 달성공원로 35,128.5759199,35.87340257,12
대구 달성습지,대구광역시 달성군 화원읍 구라1길 88,128.4870793,35.8167268,12
대구 대표 도시숲,대구광역시 달서구 성당동,128.5568252,35.84234185,12
대구 도동 측백나무 숲,대구광역시 동구 도평로,128.6635775,35.91822412,12
대구 북구문화원,대구광역시 북구 구암로 47,128.5466429,35.93477564,14
대구 불로동 고분군,대구광역시 동구 불로동,128.645657,35.91455476,12
대구 서구문화원,대구광역시 서구 당산로 403,128.5455337,35.87282708,14
대구 스파밸리,대구광역시 달성군 가창면 가창로 891,128.6353392,35.78816054,12
대구 신천물놀이장,대구광역시 남구 신천서쪽자전거길 237 (이천동),128.6075537,35.85427199,12
대구 아쿠아리움,대구광역시 동구 동부로 149,128.6294595,35.87806692,12
대구 약령시 한의약박물관,대구광역시 중구 달구벌대로415길 49,128.5899076,35.86853394,12
대구 오토바이골목,대구광역시 중구 인교동,128.5838136,35.87226951,12
대구 중구문화원,대구광역시 중구 봉산문화길 77,128.5965739,35.86340686,14
대구 진골목,대구광역시 중구 진골목길 26,128.5928074,35.86865342,12
대구 평화시장 닭똥집 골목,대구광역시 동구 아양로9길 6,128.6190297,35.88279119,12
대구 하중도 (금호꽃섬),대구광역시 북구 노곡동 665,128.5598788,35.90079362,12
대구 환경사랑홍보교육관,대구광역시 달서구 성서공단로 40,128.487301,35.83452479,14
대구간송미술관,대구광역시 수성구 미술관로 70 (삼덕동),128.6762067,35.82813177,14
대구경북디자인진흥원,대구광역시 동구 동대구로 461,128.62486,35.8714287,12
대구광역시립남부도서관,대구광역시 남구 앞산순환로 512,128.5807428,35.83204623,14
대구교육대학교 교육박물관,대구광역시 남구 중앙대로 219,128.5889415,35.853069,14
대구교육박물관,대구광역시 북구 대동로1길 40,128.6123604,35.89742553,14
대구근대역사관,대구광역시 중구 경상감영길 67,128.591163,35.87178082,14
대구문화예술회관,대구광역시 달서구 공원순환로 201,128.5594888,35.84511658,14
대구미술관,대구광역시 수성구 미술관로 40 대구미술관,128.6743653,35.82707074,14
대구방짜유기박물관,대구광역시 동구 도장길 29,128.7009674,35.96561389,14
대구부수성비,대구광역시 수성구 팔현길 248,128.6580042,35.87535665,12
대구북구청소년회관 아트홀,대구광역시 북구 검단로 71-17,128.6160599,35.90577187,14
대구서구문화회관,대구광역시 서구 당산로 403,128.5455337,35.87282708,14
대구섬유박물관,대구광역시 동구 팔공로 227 (봉무동),128.6403212,35.91914303,12
대구수목원,대구광역시 달서구 화암로 342,128.5200296,35.8007431,12
대구시민안전테마파크,대구광역시 동구 팔공산로 1155 (용수동),128.6919647,35.98923882,12
대구앞산공원,대구광역시 남구 앞산순환로 574-87,128.589056,35.82901895,12
대구약령시 한방의료체험타운,대구광역시 중구 중앙대로77길 45,128.5909992,35.86825899,12
대구어린이대공원,대구광역시 수성구 동대구로 176,128.6277994,35.84672599,12
대구어린이세상,대구광역시 수성구 동대구로 176,128.6277827,35.84668989,14
대구예술발전소,대구광역시 중구 달성로22길 31-12,128.5845524,35.87548861,14
대구오페라하우스,대구광역시 북구 호암로 15,128.5922515,35.88347396,14
대구제일교회,대구광역시 중구 국채보상로102길 50 (동산동),128.5864052,35.86823669,12
대구창의융합교육원,대구광역시 수성구 동대구로 172 (황금동),128.6262412,35.84563998,12
대구콘서트하우스 (구.대구시민회관),대구광역시 중구 태평로 141,128.5937071,35.87586929,14
대구향교,대구광역시 중구 명륜로 112,128.5959907,35.85975171,12
대구화교협회,대구광역시 중구 종로 34 대구화교소학교,128.5919047,35.86887838,12
대덕문화전당,대구광역시 남구 앞산순환로 478 (대명동),128.5769959,35.83133513,14
대명공연거리,대구광역시 남구 계명중앙1길 54,128.5826086,35.85574358,12
대명유수지,대구광역시 달서구 대천동,128.4907538,35.82214014,12
대백프라자갤러리,대구광역시 중구 명덕로 333,128.6063954,35.85584123,14
대봉배수지,대구광역시 남구 이천동,128.5968352,35.85485228,12
대성사(대구),대구광역시 중구 북성로 19-1 (서야동),128.5845108,35.87379713,12
대율리 송림,대구광역시 군위군 부계면 대율리,128.6537967,36.05921073,12
대한수목원,대구광역시 동구 파계로 446-42,128.632912,35.97383114,12
더폴락,대구광역시 중구 경상감영1길 62-5,128.5932517,35.87369453,14
덕산서원(대구),대구광역시 수성구 청호로46길 5-3,128.6405818,35.83904932,12
도곡재,대구광역시 달성군 하빈면 육신사길 60,128.4165551,35.91048711,12
도남지,대구광역시 북구 도남동,128.5911241,35.97064462,12
도동서원 [유네스코 세계유산],대구광역시 달성군 구지면 도동서원로 1,128.3719204,35.70122943,12
도림사(대구),대구광역시 동구 인산로 242 (진인동),128.7299069,35.94914962,12
도성암,대구광역시 달성군 유가읍 도성길 180,128.5167433,35.71769966,12
도성암 3층석탑,대구광역시 달성군 유가읍 도성길 180,128.5167849,35.71768577,12
독무재,대구광역시 수성구 화랑로42길 31,128.6485411,35.87751734,12
동대구역광장,대구광역시 동구 동대구로 550 (신암동),128.6288011,35.87948064,12
동산계곡,대구광역시 군위군 부계면 원효길,128.6691847,36.04206019,12
동원화랑,대구광역시 중구 봉산문화길 42,128.5981627,35.86201261,14
동인동 찜갈비 골목,대구광역시 중구 동덕로36길 9-12,128.6051507,35.8709895,12
동제미술관(동제미술전시관),대구광역시 달성군 가창면 헐티로10길 18,128.5934345,35.78950128,14
동호서당·동호유적공원,대구광역시 동구 동내동 1112-2,128.7397579,35.88387942,12
동화사(대구),대구광역시 동구 동화사1길 1,128.7034887,35.99035557,12
두류정수장후적지,대구광역시 달서구 두류동,128.5501478,35.85004919,12
들안길먹거리타운,대구광역시 수성구 들안로 109-1,128.616395,35.83970991,12
땅땅식물랜드,대구광역시 동구 팔공로 220-2,128.6424183,35.91850703,12
리안갤러리 대구,대구광역시 중구 이천로 184-31 (대봉동),128.5991988,35.85799919,14
리조트 스파밸리,대구광역시 달성군 가창면 가창로 891,128.635492,35.7889299,12
리조트 스파밸리 네이처파크,대구광역시 달성군 가창면 가창로 891,128.6353392,35.78816054,12
마비정 벽화마을,대구광역시 달성군 화원읍 마비정길 259,128.5422449,35.77929594,12
마천산산림욕장,대구광역시 달성군 다사읍 이천리 산25-2,128.4595047,35.88864871,12
망우당공원,대구광역시 동구 효목동,128.6563904,35.87735361,12
매양서원,대구광역시 북구 매천로37길 48,128.537922,35.91530546,12
명품옻골 1616 협동조합,대구광역시 동구 옻골로 195-5,128.6868425,35.90776184,12
모명재,대구광역시 수성구 달구벌대로527길 13-5 (만촌동),128.6516581,35.85802516,12
모영재,대구광역시 동구 도평로 905 (평광동),128.7190417,35.93431499,12
묘골마을,대구광역시 달성군 하빈면 육신사길 39-4,128.4157941,35.90911225,12
무덤덤투어(더휴앤),대구광역시 동구 반야월북로53길 10,128.7271482,35.87361923,12
문양서원,대구광역시 군위군 부계면 남방길 37,128.6763575,36.09568201,12
문창공영당,대구광역시 동구 도평로38길 51,128.663311,35.91525223,12
물레책방,대구광역시 수성구 달구벌대로492길 15 (범어동),128.6322514,35.85743875,14
미성온천,대구광역시 달서구 조암남로28길 9,128.5175432,35.81768281,12
바운스 트램폴린파크(대구신세계점),대구광역시 동구 효신로 88,128.6324703,35.8793946,12
박곡서당,대구광역시 달성군 가창면 가창동로 219-5,128.6652924,35.77812056,12
박물관 수,대구광역시 수성구 국채보상로186길 79,128.6341705,35.86483795,14
반고개 무침회 골목,대구광역시 서구 달구벌대로375길 14-1,128.5701151,35.86229261,12
반야월역사작은도서관,대구광역시 동구 신서로 50,128.7249595,35.87250543,14
반야월연꽃단지,대구광역시 동구 대림로2길 54-5,128.743983,35.86866455,12
배실웨딩공원,대구광역시 달서구 선원로23길 68 (이곡동),128.5048875,35.86273859,12
백련사(대구),대구광역시 달서구 중흥로 67,128.5588698,35.82886286,12
백원서원,대구광역시 동구 도평로51길 18,128.6629748,35.92070438,12
법장사(대구),대구광역시 남구 고산3길 96-4,128.5996414,35.82340867,12
법주사(군위),대구광역시 군위군 소보면 달산3길 215,128.4383208,36.27262971,12
병암서원,대구광역시 달서구 새방로 21,128.5212028,35.86091409,12
보이드 갤러리,대구광역시 중구 명륜로26길 79-2,128.5977656,35.85653544,14
복현오거리 먹자골목,대구광역시 북구 복현동,128.6150241,35.89698396,12
봉강서원,대구광역시 군위군 우보면 화계봉산길 795,128.6412863,36.16929523,12
봉무공원,대구광역시 동구 팔공로50길 66 (봉무동),128.6483788,35.92041803,12
봉무정,대구광역시 동구 팔공로 327-7,128.6405793,35.92820034,12
봉산문화거리,대구광역시 중구 봉산문화길 38,128.5980293,35.86180429,12
봉산문화회관,대구광역시 중구 봉산문화길 77,128.5965517,35.86312634,14
봉산서원(대구),대구광역시 수성구 수성로12길 70,128.6122872,35.83301893,12
부인사(대구),대구광역시 동구 팔공산로 967-28,128.6740023,35.99494895,12
북산서원,대구광역시 군위군 군위읍 대북길 207-3,128.5657235,36.26937689,12
북지장사(대구),대구광역시 동구 도장길 243,128.7148547,35.97645736,12
비슬산 군립공원,대구광역시 달성군 유가읍 일연선사길 99,128.5129249,35.69005271,12
비슬산 유가사,대구광역시 달성군 유가읍 유가사길 161,128.5073414,35.71459983,12
비슬산자연휴양림,대구광역시 달성군 유가읍 일연선사길 99,128.5129249,35.69005271,12
사단법인 푸른차문화연구원,대구광역시 수성구 유니버시아드로11길 41 (삼덕동),128.6771592,35.83507822,12
사라온이야기마을,대구광역시 군위군 군위읍 동서길 49,128.5677576,36.23620014,12
사문진 주막촌,대구광역시 달성군 화원읍 사문진로1길 40-12,128.4786968,35.81114117,12
사문진나루터,대구광역시 달성군 화원읍 성산리,128.4786302,35.8111245,12
사문진역사공원,대구광역시 달성군 화원읍 사문진로1길 40-12,128.4786302,35.8111245,12
사문진피크닉장,대구광역시 달성군 화원읍 성산리,128.4770248,35.80894416,12
사유원,대구광역시 군위군 치산효령로 1150,128.6831432,36.09071881,12
사효자굴,대구광역시 달성군 유가읍 양리,128.4880323,35.70263694,12
삼국유사교육문화회관,대구광역시 군위군 군위읍 군청로 158,128.5739987,36.23747511,14
상리공원,대구광역시 서구 중리동 산198-3,128.5305075,35.86324178,12
서계서원,대구광역시 북구 호국로51길 45-17,128.5933558,35.92518036,12
서구 그린웨이 상록수원,대구광역시 서구 당산로 343 (중리동),128.5461393,35.86701941,12
서구어린이도서관,대구광역시 서구 문화로 123,128.546378,35.87430748,14
서리지 수변생태공원,대구광역시 북구 동호길 96,128.5590855,35.96350594,12
서봉사,대구광역시 남구 명덕로54길 34 서봉사,128.5972213,35.8540246,12
서상돈 고택,대구광역시 중구 서성로 6-1,128.5878384,35.86720905,12
서재문화체육센터,대구광역시 달성군 다사읍 방천리,128.503226,35.88433055,12
석가사(대구),대구광역시 수성구 이천동,128.6676348,35.84616013,12
석조부도,대구광역시 북구 대학로 80,128.6138772,35.8887071,12
선교사블레어주택,대구광역시 중구 달구벌대로 2029,128.5849831,35.86662573,12
선교사스윗즈주택,대구광역시 중구 달구벌대로 2029,128.5848109,35.86754507,12
선교사챔니스주택,대구광역시 중구 달구벌대로 2029,128.5849526,35.86660906,12
선사시대로 거리박물관,대구광역시 달서구 월배로 · 상화로 일원,128.521918,35.81004209,14
선원공원,대구광역시 달서구 용산동,128.5149478,35.85955302,12
성당못,대구광역시 달서구 공원순환로 216,128.5616191,35.84462224,12
성재서당,대구광역시 동구 미대길 120,128.6682425,35.96646874,12
성화사,대구광역시 달서구 장기로12길 10,128.5552225,35.84396386,12
소계정,대구광역시 달성군 옥포면 옥포로57길 25-14,128.491719,35.77034047,12
소재사(대구),대구광역시 달성군 유가면 휴양림길 228,128.5107112,35.69156361,12
송계당,대구광역시 북구 서변로3길 47-19,128.5933142,35.92135302,12
송담서원(대구),대구광역시 달성군 구지면 구지서로 530-47,128.3596549,35.6964853,12
송해기념관 선비체험관,대구광역시 달성군 옥포읍 옥포로56길 5,128.4888526,35.77169304,12
송해둘레길,대구광역시 달성군 옥포읍 기세리,128.4802586,35.78031413,12
송호지공원,대구광역시 동구 율암로 167 (상매동),128.7055191,35.88945315,12
수도암(대구),대구광역시 달성군 유가면 유가사길 161,128.5073942,35.71415544,12
수목원생활온천,대구광역시 달서구 상화로 79 (진천동),128.5227152,35.80815065,12
수봉정사,대구광역시 달성군 화원읍 인흥3길 16,128.5180494,35.79255788,12
수성구립 고산도서관,대구광역시 수성구 달구벌대로650길 6 고산도서관,128.710659,35.83794796,14
수성구립 범어도서관,대구광역시 수성구 달구벌대로 2451,128.6306821,35.85938573,14
수성구립 용학도서관,대구광역시 수성구 지범로41길 36,128.646104,35.82123755,14
수성못상화동산,대구광역시 수성구 무학로 112 (두산동),128.6206033,35.82941949,12
수성아트피아,대구광역시 수성구 무학로 180,128.6282831,35.8294724,14
수성패밀리파크,대구광역시 수성구 팔현길 88-46,128.6743279,35.87009088,12
수태골,대구광역시 동구 팔공산로 1037-10 (용수동),128.6813433,35.99361868,12
스파크랜드,대구광역시 중구 동성로6길 61,128.5987652,35.86875074,12
신무동마애불좌상,대구광역시 동구 용천로 438-12 (신무동),128.6713943,35.98946619,12
신미화랑,대구광역시 중구 봉산문화길 34,128.5981071,35.86163209,14
신서 중앙공원,대구광역시 동구 동내로 117,128.7341502,35.88099631,12
신숭겸장군유적,대구광역시 동구 신숭겸길 17,128.6409789,35.94211544,12
신암공원,대구광역시 동구 큰고개로 51 (신암동),128.6244568,35.88934333,12
신전뮤지엄(신전히스토리뮤지엄),대구광역시 북구 관음로 43 (관음동),128.5401046,35.9347894,14
신흥사(군위),대구광역시 군위군 고산길 262 신흥사,128.6284519,36.1500805,12
심플책방,대구광역시 동구 동부로34길 4,128.6305899,35.87715038,14
아르떼수성랜드,대구광역시 수성구 무학로 42,128.6133984,35.82861389,12
"아양아트센터(구, 동구문화체육회관)",대구광역시 동구 효동로2길 24,128.6516464,35.87932552,14
안일사(대구),대구광역시 남구 대명동,128.5755657,35.82368875,12
압곡사(군위),대구광역시 군위군 고로면 현리낙전길 836-144,128.8123568,36.18974054,12
앞산빨래터공원,대구광역시 남구 앞산순환로 365 (대명동),128.5657358,35.83244313,12
양산서원,대구광역시 군위군 부계면 남산4길 32,128.6403649,36.04733128,12
양천서원,대구광역시 군위군 군위읍 내외량길 243-55,128.5378655,36.24779271,12
엄마아빠어렸을적에,대구광역시 군위군 산성면 산성가음로 722,128.6966743,36.12783708,12
에스투뷰텍 뷰라운지,대구광역시 수성구 달구벌대로528길 15 (만촌동),128.649625,35.85534209,12
엑스코(EXCO),대구광역시 북구 엑스코로 10,128.6130934,35.90711889,14
엘리몽,대구광역시 달서구 조암로 38 (월성동),128.525684,35.82501824,12
엘리바덴 월성점,대구광역시 달서구 조암로 38,128.5256756,35.82502101,12
연암공원,대구광역시 북구 산격동,128.6005253,35.90044441,12
연암서당골,대구광역시 북구 연암로 180,128.5965784,35.90053877,12
열락당,대구광역시 달서구 상인로 134-13,128.5453907,35.81882763,12
영영축성비,대구광역시 수성구 팔현길 248,128.658057,35.87495669,12
예송갤러리,대구광역시 중구 봉산문화길 56,128.597596,35.86257364,14
예연서원,대구광역시 달성군 유가읍 구례길 123,128.4700907,35.65575858,12
오봉오감,대구광역시 북구 침산남로서9길 24,128.5814549,35.89299768,12
오천서원,대구광역시 수성구 파동로2안길 20,129.3976973,35.98194182,12
옹기종기행복마을,대구광역시 동구 입석동,128.6466798,35.89104355,12
옻골동산,대구광역시 북구 구암동 산 4,128.5767929,35.94226146,12
용강서원,대구광역시 달서구 선원로33길 101,128.5145534,35.86138336,12
용문사(대구),대구광역시 달성군 화원읍 화원휴양림길 132,128.5390038,35.76913869,12
용연사(대구),대구광역시 달성군 옥포읍 용연사길 260,128.5209476,35.74827961,12
용호서원,대구광역시 달성군 다사읍 서재본4길 18-27,128.493616,35.8746898,12
운암지 수변공원,대구광역시 북구 구암동,128.5689355,35.93212079,12
운흥사(대구),대구광역시 달성군 가창면 헐티로 1068,128.6035783,35.77997476,12
원대가구 명물거리,대구광역시 서구 원대동3가,128.5741641,35.88453461,12
원호루,대구광역시 달성군 현풍면 현풍동로 92,128.4522356,35.69822845,12
월곡역사공원,대구광역시 달서구 상인로 128,128.5446214,35.81802493,12
월곡역사박물관,대구광역시 달서구 송현로7길 38,128.5456657,35.81925259,14
위천수변테마공원,대구광역시 군위군 효령면 간동유원지길 8,128.5853161,36.17622673,12
육신사,대구광역시 달성군 하빈면 육신사길 64,128.4166106,35.9113509,12
율하체육공원,대구광역시 동구 금호강변로 278 (율하동),128.6928627,35.85996181,12
은적사(대구),대구광역시 남구 앞산순환로 574-120,128.5897145,35.82356958,12
읍내동 마애불상,대구광역시 북구 칠곡중앙대로129길 169-3,128.543423,35.96374174,12
의흥향교,대구광역시 군위군 의흥면 읍내길 89-5,128.7199543,36.17357676,12
이강서원,대구광역시 달성군 다사읍 이천리 277,128.4623739,35.88670176,12
이곡장미공원,대구광역시 달서구 이곡동 1306-6,128.5148118,35.8581254,12
이공제비 및 군수이후범선영세불망비,대구광역시 수성구 신천동로 117,128.6067182,35.83561297,12
이상화 고택,대구광역시 중구 서성로 6-1,128.5880023,35.86727571,12
이양서원,대구광역시 달성군 현풍면 삼강3길 23,128.4218947,35.66579823,12
이천동 99계단 벽화마을,대구광역시 남구 이천로29길 28-1,128.5970158,35.85342189,12
이천동 고미술거리,대구광역시 남구 명덕로 262,128.5985934,35.8553467,12
이태원길(대구),대구광역시 북구 동천동,128.5622608,35.94308332,12
이현공원,대구광역시 서구 이현동 산119,128.5444699,35.87329923,12
인각사(군위),대구광역시 군위군 고로면 삼국유사로 250,128.7795059,36.12769142,12
인동촌 아나고골목,대구광역시 서구 북비산로74길 49,128.5778613,35.87682167,12
인산정사,대구광역시 달서구 상인로26길 89-6,128.5485766,35.81601968,12
인흥마을,대구광역시 달성군 화원읍 인흥3길 16,128.5181077,35.79322447,12
인흥서원,대구광역시 달성군 화원읍 인흥2길 26,128.5155942,35.78955818,12
일연공원,대구광역시 군위군 삼국유사면 화북1길 12,128.7730203,36.12855786,12
임휴사,대구광역시 달서구 앞산순환로 12-25,128.560223,35.81018722,12
자연염색박물관,대구광역시 동구 파계로112길 17,128.6364782,35.97934447,14
점새늪연꽃생태공원,대구광역시 동구 대림동 378-1,128.7439191,35.86686475,12
정호승 문학관,대구광역시 수성구 들안로 403-1 (범어동),128.6178275,35.86614583,14
제동서원,대구광역시 군위군 효령면 장군당1길 35,128.5725326,36.1232964,12
주암산가창저수지,경상북도 청도군 각북면 오산리,128.6099245,35.7996421,12
중리동 곱창골목,대구광역시 서구 평리로35길 28-10,128.5439563,35.86232268,12
중앙갤러리,대구광역시 중구 봉산문화길 34,128.5981071,35.86163209,14
진밭골산림공원,대구광역시 수성구 진밭길 413 (범물동),128.6726856,35.7985045,12
진영P&T,대구광역시 서구 염색공단천로 31,128.5509216,35.88990858,12
진주강씨모열각,대구광역시 달성군 옥포면 옥포로 305,128.4899637,35.76890726,12
창평지 친환경 생태공원(창평지),대구광역시 군위군 부계면 창평리 1547,128.6778325,36.09213522,12
첨모재·사효당,대구광역시 달서구 월곡로26길 17-39,128.5499295,35.80896217,12
첨백당,대구광역시 동구 도평로116길 192-7 (평광동),128.6935552,35.92839297,12
청련암(대구),대구광역시 달성군 가창면 남지장사길 127,128.6308661,35.73508034,12
청호서원,대구광역시 수성구 청호로 250-11,128.6409928,35.8394715,12
최정산,대구광역시 달성군 가창면 주리2길,128.5946103,35.75732994,12
충혼탑,대구광역시 남구 앞산순환로 540,128.5837481,35.8323157,12
치킨체험 테마파크 땅땅치킨랜드,대구광역시 동구 팔공로 220-2,128.6416906,35.91752657,12
칠곡향교,대구광역시 북구 칠곡중앙대로 597,128.5518143,35.94916577,12
침산공원,대구광역시 북구 침산동 1344-1,128.5858628,35.89522529,12
코로나19 기억의공간,대구광역시 중구 달구벌대로 2029 (동산동),128.5856664,35.86620912,14
큰장길 침구류 명물거리,대구광역시 서구 큰장로 35,128.5737981,35.86339256,12
테크노폴리스중앙공원,대구광역시 달성군 유가읍 테크노공원로 58,128.4594213,35.6915099,12
파계사,대구광역시 동구 파계로 741,128.6410244,36.0014476,12
팔거산성,대구광역시 북구 노곡동,128.5687302,35.92539377,12
팔공문화원,대구광역시 동구 팔공로197길 25,128.6891965,35.95597309,14
팔공산 케이블카,대구광역시 동구 팔공산로185길 51,128.69487,35.99084703,12
팔공산국립공원(군위군),대구광역시 군위군 부계면 남산리,128.6405815,36.04929772,12
팔공산국립공원(동화사지구),대구광역시 동구 동화사1길 1,128.6961616,35.98993882,12
팔공산국립공원(파계사지구),대구광역시 동구 파계로 741,128.6365886,36.00629419,12
팔공산분수광장,대구광역시 동구 용수동 27-5,128.697092,35.98957221,12
팔공산심천랜드,대구광역시 동구 서촌로 145 (송정동),128.6205016,35.986785,12
팔공산온천관광호텔(온천),대구광역시 동구 팔공산로185길 11 (용수동),128.6917258,35.99087474,12
팔공산하늘정원,대구광역시 군위군 부계면 원효길 576,128.6970633,36.02343504,12
팔현생태공원,대구광역시 수성구 팔현길 88-46,128.6731142,35.87043526,12
팜다원,대구광역시 수성구 범물동,128.6650779,35.80003196,12
패션디자인개발지원센터,대구광역시 북구 유통단지로14길 17,128.6117269,35.90616897,14
패션주얼리전문타운,대구광역시 중구 경상감영길 176,128.5966958,35.87175314,14
평광동 사과마을,대구광역시 동구 도평로116길 37,128.6902748,35.93298405,12
하이마트 음악감상실,대구광역시 중구 동성로6길 45 (공평동),128.5979069,35.8690257,12
학산공원,대구광역시 달서구 월성동 산10-1,128.5383411,35.82815978,12
학소대,대구광역시 군위군 삼국유사면 화북리,128.7795253,36.12954398,12
한국뇌연구원,대구광역시 동구 첨단로 61 (신서동),128.7302144,35.88185725,12
한국전선문화관,대구광역시 중구 북성로 104-11 (향촌동),128.593996,35.87389452,14
한밤마을,대구광역시 군위군 부계면 한티로 2137-3,128.6549493,36.0593163,12
한밤마을돌담길,대구광역시 군위군 부계면 대율리,128.6530995,36.05919961,12
한영아트센터,대구광역시 수성구 수성동4가,128.6171083,35.86005207,14
한천서원,대구광역시 달성군 가창면 가창동로 117,128.6544128,35.78018401,12
함지근린공원,대구광역시 북구 동암로38길 12 (구암동),128.5694296,35.94257795,12
해맞이공원,대구광역시 동구 효목동,128.6457245,35.88464426,12
행복북구문화재단 어울아트센터,대구광역시 북구 구암로 47,128.5466429,35.93477564,14
향사례 대구시민단,대구광역시 북구 연암공원로 89,128.6012669,35.89809469,12
향촌문화관,대구광역시 중구 중앙대로 449,128.5941849,35.87336125,14
향토역사관,대구광역시 중구 달성공원로 35,128.5759199,35.87340257,14
현풍 500년 느티나무 테마공원,대구광역시 달성군 현풍면 비슬로 741,128.4383062,35.70187779,12
현풍곽씨십이정려각,대구광역시 달성군 현풍면 지동길 3,128.4294385,35.66669827,12
현풍석빙고(상리석빙고),대구광역시 달성군 현풍읍 상리1길 36,128.4502913,35.69790901,12
현풍포교당,대구광역시 달성군 현풍면 현풍동로27길 54-6,128.4465583,35.69818947,12
현풍향교,대구광역시 달성군 현풍면 현풍동로20길 27-8,128.4517911,35.70158918,12
혜원의 집 (영화 리틀포레스트 촬영지),대구광역시 군위군 우보면 미성5길 58-1,128.6645451,36.17978058,12
호림강나루공원(호림공원),대구광역시 달서구 대천동 900,128.4846568,35.83412479,12
호산공원,대구광역시 달서구 달서대로109길 70,128.4839536,35.84902586,12
호수농원,대구광역시 달성군 다사읍 박곡리,128.4950211,35.88430541,12
홍의장군 곽망우당 묘소,대구광역시 달성군 구지면 대암리,128.4046972,35.62927149,12
화계서원,대구광역시 군위군 의흥면 금양3길 16-3,128.7445892,36.13807014,12
화본마을,대구광역시 군위군 산성면 산성가음로 722,128.6961466,36.12782318,12
화산산성,대구광역시 군위군 고로면 화북리,128.7813732,36.09831423,12
화암서원,대구광역시 북구 노곡로5길 7-18,128.5617258,35.90572087,12
화원동산,대구광역시 달성군 화원읍 사문진로1길 40-14,128.4821853,35.81328821,12
화원자연휴양림,대구광역시 달성군 화원읍 화원휴양림길 126,128.5367595,35.77183001,12
화장사(대구),대구광역시 달성군 화원읍 비슬로522길 41,128.50177,35.80274254,12
환성정,대구광역시 북구 호국로51길 45-17,128.5934474,35.92503038,12
회진당원의대사지비,대구광역시 동구 파계로 741,128.6410022,36.00136428,12
효령사(장군당),대구광역시 군위군 효령면 장군당1길 35-1,128.5715105,36.12264367,12
희움 일본군 위안부 역사관,대구광역시 중구 경상감영길 50 (서문로1가),128.5902325,35.87144195,14
2·28 기념중앙공원,대구광역시 중구 동성로2길 80 (공평동),128.597182,35.86933676,12
2·28 민주운동기념회관,대구광역시 중구 남산동 2113-10,128.5903996,35.85839065,14
3.1만세운동길,대구광역시 중구 동산동,128.5866246,35.86784229,12
FXCO (펙스코),대구광역시 북구 엑스코로 3,128.612213,35.90589679,12
MRNW,대구광역시 북구 호국로 300-22 (서변동),128.6007716,35.93002162,12
